功率密度_mW/cm2,光照电流_nA,压强_KPa,压力电流_nA,类别
9.390173082573009,590.1103873361665,7.519371301202087,30.3642097167232,磨砂玻璃杯
9.232631506697297,584.2240481592876,2.774364889835284,20.047823093845015,亚克力盒
15.39140232774781,636.8167342484697,3.7492293321114265,22.980976646751348,薄塑料袋
16.61577115062656,644.2504247438624,30.234573024075203,53.20466257093761,玻璃杯
8.93075036924501,582.0966589696113,30.868292018927555,52.76193041205417,硬塑料盒
17.149688124102134,648.7463879416379,2.584298430685745,18.94709439348528,薄塑料袋
14.733908028768223,630.3064267211334,3.887265408894801,23.120484112171624,薄塑料袋
11.394835407956448,603.0096021484932,9.99990294862831,34.580852313180976,透明塑料瓶
5.562287808897693,546.5123210137136,1.457830310307121,15.323025855620804,亚克力盒
5.537752736811914,547.0654308164441,14.753345275825534,39.94946735699996,磨砂玻璃杯
2.993349080096711,486.110885788754,35.91146981691757,56.69274026657208,金属小物件
9.629209926709459,589.9643562905005,24.655708742435326,48.7014795950745,硬塑料盒
14.478569999182948,629.8833561103501,3.6669299159691273,22.30819403081366,薄塑料袋
16.61135314654228,643.8645769012122,7.9341030130944015,31.16803434810995,透明塑料瓶
5.10048306052428,543.6701543193565,37.39100931666726,57.56161865830057,硬塑料盒
8.99449089920434,582.9091011862467,12.604407535934914,36.107278175383954,磨砂玻璃杯
12.122173423135202,604.7549525688679,15.389685659935203,40.76406304569391,透明塑料瓶
3.0839683973638623,493.6250866182989,10.526410839016231,35.1750781036528,木块
6.796351492287519,560.307438403223,1.4906636055741345,15.533663681836076,亚克力盒
17.54600056859659,651.2635805898974,26.50868229050996,49.65288360449679,玻璃杯
12.538640407541251,611.071517845495,30.00461594088751,52.88118654018206,硬塑料盒
10.33802258024281,594.6405255974506,17.62091376852542,42.621821836945436,磨砂玻璃杯
14.510884936432833,628.9509739759667,3.656075009432241,22.63260164088147,薄塑料袋
3.7342420706552626,516.6700165168155,37.27067557507208,56.25935568525194,金属小物件
9.032335918364419,586.4300235808055,28.5681507128169,52.64346976746196,硬塑料盒
10.682027242277824,597.5342991797174,14.210579702575195,40.06302507414884,磨砂玻璃杯
7.1253397173190205,564.523710357825,2.178038220980625,18.336714023614324,亚克力盒
12.728680807388074,615.1437370071559,35.257062162849174,56.20593563771947,玻璃杯
12.269619976032628,612.005023581321,13.340829918803474,39.40396023959477,透明塑料瓶
16.12096234074207,642.2916827170709,7.071983380609047,29.263777143886138,透明塑料瓶
7.565357721315511,567.9333683115638,24.411847682262962,47.868045329886485,硬塑料盒
9.562300898793374,590.263446762364,7.250876549533567,30.032524287709453,磨砂玻璃杯
9.673524296589274,591.0232323895502,17.97010860332796,42.6120198194118,磨砂玻璃杯
6.976438118833728,563.5121675415983,12.733393490663246,39.09745677182946,磨砂玻璃杯
3.43474077226897,508.1664867252897,15.56312637160855,40.680820149863656,木块
3.139894043050436,496.60541584066294,13.73873954297679,39.03378194522128,木块
2.8188009320947516,483.68634175863144,20.169848437362774,45.729308864582194,金属小物件
3.0033861965145947,490.0473879089818,12.735213259424883,38.981326509434744,木块
3.662887636810255,512.125667883814,8.242873806409104,31.99702461109726,木块
3.966454644076797,527.2581278990078,3.6482965930002775,22.92098633570382,橡皮擦
4.464351657190037,537.6784217752919,3.9808488639887236,23.393914233240803,亚克力盒
12.873235906566396,618.6146877050624,13.625784965957358,39.350005044556944,透明塑料瓶
15.474083659349075,641.17038260406,1.3538072595183774,15.176143116000382,薄塑料袋
3.938127689835788,520.97091433881,31.181950012142412,53.06437853092774,金属小物件
10.953074922424314,602.0038859853336,34.7414634693262,55.154039220766876,硬塑料盒
14.95503465628203,637.4114316270266,2.306123451114979,18.556092121174025,薄塑料袋
9.126252004262215,588.4017139969137,7.513148384542512,29.46027005076587,磨砂玻璃杯
3.9440726685377805,521.6318743301654,11.948400218153985,36.79798243174241,木块
3.54595955132834,509.92261807969754,24.06424928186291,47.65908909137879,金属小物件
18.38799910608928,657.9444265164893,3.3946660570722162,21.434055696355234,薄塑料袋
3.124975478361965,494.1929277942641,3.1460891496392924,20.98024880359421,橡皮擦
3.760972103924368,516.7823272384215,39.28504935405718,57.665663422396996,金属小物件
8.760098743310023,583.3564805273185,32.14038099552871,53.136769073428155,硬塑料盒
2.9281680243256956,487.9264647694672,12.207229698094766,36.83308797783918,木块
14.171928698593028,633.248530603839,13.596042329682042,39.26305735301064,透明塑料瓶
8.857084051325206,583.4270016177817,13.390235847792344,38.34931574333135,磨砂玻璃杯
16.398969556863218,645.9763418907004,32.420719797488985,54.60407140461898,玻璃杯
12.32262379522048,617.1311631640908,25.7364054112714,49.11901697561823,玻璃杯
18.736572721517025,655.8027204824385,9.994437593155705,33.8993579953895,透明塑料瓶
11.771732638276772,603.9360697333377,17.419706472203547,41.09089776304167,磨砂玻璃杯
3.939520815660944,522.1094378856826,1.4017150486186838,15.193783724963787,橡皮擦
11.770986516429375,605.4378641533804,1.797102774191897,17.268489850985603,薄塑料袋
15.458000412671378,639.0507409981876,4.168244152889053,23.785723527904814,薄塑料袋
10.335304351361966,591.4151770217744,10.361248926212662,34.57386317540897,磨砂玻璃杯
6.821151448610264,559.5012595015274,2.237919154608023,18.404290767026776,亚克力盒
12.902688881194909,623.4566241432949,14.650600645590146,39.656167424862055,透明塑料瓶
3.817526592412594,521.5460721894175,22.934743815496166,46.614353392257016,金属小物件
16.712742984287907,646.8322452819024,18.388515863983983,43.77653585064062,透明塑料瓶
3.085494567052023,491.1952285285172,3.6543456052620935,22.24270250247781,橡皮擦
3.8032920445293334,518.0429475175674,12.201835191558372,37.286021013696946,木块
2.885279997848376,486.38996064481603,24.665916874263942,48.656602168219365,金属小物件
7.738863539627349,574.6389647713296,34.6746922076193,54.78952205970894,硬塑料盒
13.75928427438908,624.5917403020333,15.450966901019683,40.77571346183786,透明塑料瓶
6.849806050818213,558.0987727869872,10.118699155218366,34.09295175839494,磨砂玻璃杯
13.219744445177076,622.709652505705,19.52276725643464,44.06378901218048,透明塑料瓶
2.7441912432963713,481.5432152724498,2.8686633686749032,19.845772668785557,橡皮擦
3.8976793697208416,520.9263778850719,10.391975899957416,33.643199938725196,木块
6.421893022395979,555.3815858094982,9.332146181778961,32.60561981707958,磨砂玻璃杯
3.3195041794197526,499.9144481517903,26.480966620634856,50.460268086618775,金属小物件
8.556263160586706,582.3922044086455,3.534148781514151,22.268117262688104,亚克力盒
3.1349677777336358,497.77167387453426,2.3362437097739734,18.68471604892955,橡皮擦
4.382809788625078,536.8250869337714,2.151770831989886,18.093189733153405,亚克力盒
18.817078486646174,659.060282306977,24.031201202134323,47.82244436945639,玻璃杯
7.953507045609241,573.3696677170971,1.9900295545325335,17.66819533175209,亚克力盒
17.738830662604407,652.2563569565658,2.306621908001102,18.53261773171644,薄塑料袋
2.8206915682825535,483.573740445532,4.797797385775382,25.287284625548402,橡皮擦
2.801037024261747,484.3101919493266,5.155260654202939,25.592208380606206,橡皮擦
12.647535943572363,619.279225159904,28.366630629853287,51.80190787600827,玻璃杯
8.018507873008913,570.0691278616791,27.273733228938564,49.50752860659695,硬塑料盒
3.6838720869215207,516.8405784607116,27.633133780027006,50.577107637415196,金属小物件
12.474317071727667,616.1636394683941,27.857628594208926,52.65385662347766,玻璃杯
13.909096228687456,630.6519227358798,3.722407237937186,23.191522700858783,薄塑料袋
13.69810239841238,626.4528671367264,25.08506026683598,49.30916793687708,玻璃杯
8.300622998389812,574.0303110852788,8.659721378639654,31.829879394654874,磨砂玻璃杯
16.871840069132897,644.2720710873301,22.347384086719284,46.53343446212999,玻璃杯
3.9511350448941895,529.4957042138528,18.03120334906094,43.21332200605079,磨砂玻璃杯
18.008911122024948,655.3224103696576,4.947179041816176,25.63080232072493,薄塑料袋
12.375907258986482,613.4965877884515,3.7881547305283796,22.831816700455697,薄塑料袋
3.0652709204012343,493.7128588310802,4.353222906542592,24.44471067985015,橡皮擦
14.916584142134411,635.7468860901209,17.5576486824567,42.52281883062163,透明塑料瓶
8.851107954026597,581.9910362837438,5.07572014197801,25.552102811403234,亚克力盒
3.9855695208479576,527.6854205978752,32.69776623658525,55.37256151899858,金属小物件
7.393093446428904,565.1957117646643,4.879939369094117,24.747957392440863,亚克力盒
7.184951030081041,564.8744099958152,18.70977918729299,43.64362007003159,磨砂玻璃杯
15.793319872457646,642.5356454845919,27.086221354545376,48.659994307117216,玻璃杯
6.113681175191457,551.9019701228368,10.594171385430661,34.87705962753603,磨砂玻璃杯
15.720167825002779,639.594406281712,34.2005331705842,54.29794576508379,玻璃杯
14.432425021012344,629.6342510703046,23.79465836022338,46.715736234114786,玻璃杯
14.442966423285228,628.9927647743656,38.090080402894614,56.75911054653509,玻璃杯
3.3615761029535567,502.40894431782954,30.138665492246666,52.49479010168741,金属小物件
14.305399969780234,630.6226974873684,8.644663007160142,32.434947323106975,透明塑料瓶
10.614744307218166,594.4325150110665,27.493463671340958,50.968484437255654,硬塑料盒
2.961967238809689,492.40550636686385,12.53470100077095,38.71243097053515,木块
17.984725941039677,652.9956350005342,18.435336243951493,43.739228188316666,透明塑料瓶
3.015689135321978,485.45555252641884,1.2526359535476121,14.344679969631441,橡皮擦
9.2123315657769,585.471205466278,6.868655651821354,28.96324056333158,磨砂玻璃杯
5.599994548009307,548.2397752692805,15.948169077479887,40.611196558504346,磨砂玻璃杯
13.15983907893305,620.8335188361531,1.2241814754631977,14.5329961054439,薄塑料袋
3.9494118780458627,521.3546295777757,14.403935179339811,39.4857142176252,木块
14.219823877655902,630.4344444166178,3.185644851555815,21.155166787314673,薄塑料袋
12.127834788299161,609.8752456338965,1.677907583491428,16.563746265517857,薄塑料袋
7.154913088814168,562.3523072498897,6.422927134596226,28.0743006314564,磨砂玻璃杯
3.7275295301883173,516.9463777748359,10.321816074884271,34.12760711537357,木块
12.802283475904085,619.2227361462369,3.9405965050277825,23.335237926057705,薄塑料袋
6.432443945886922,557.4515560622184,1.5388357559549761,15.616799337421842,亚克力盒
17.097477025059977,648.4887737553942,2.022317179406325,17.918073176819373,薄塑料袋
6.981387899323617,560.4909400225795,15.78918735135063,40.50102607651369,磨砂玻璃杯
3.478291511366057,510.8709112868438,23.68350248504423,46.952707949047706,金属小物件
3.1917086195198268,497.6305061039959,8.54735926944313,31.2083297586971,木块
8.131690750223688,570.2233539825673,27.212709609523596,49.00936259227526,硬塑料盒
3.9137311778196446,520.8806126023886,20.794052276579993,45.229309169118096,金属小物件
5.338591697075954,544.7208332711807,24.5931872946547,47.25408538452379,硬塑料盒
17.266779090218094,647.5177763612651,37.41070591002777,57.58795905131624,玻璃杯
2.547833131624435,476.3,3.1740084924675074,20.802174602494823,橡皮擦
8.181269655471393,577.2916087629762,15.853908524231132,40.28736199520116,磨砂玻璃杯
3.2387531142343544,497.3228656531162,35.01524419141056,56.436629925947074,金属小物件
11.484880330951059,603.698799598316,14.731004460625035,39.74309437801686,透明塑料瓶
14.253705028009838,632.38938745434,1.307757953233331,14.51816215878382,薄塑料袋
12.011116465670808,610.3863248623289,24.833281885468388,47.88076964124744,玻璃杯
17.60782911050668,650.8712616925592,25.414551623259698,49.33581792790049,玻璃杯
14.917953221413796,631.6147730535636,26.692571648204122,50.19369895614631,玻璃杯
15.71934984249971,636.860026949455,27.926982520374956,51.16284651199377,玻璃杯
13.647567852729367,626.6107443016431,14.236840541177461,39.7172994514697,透明塑料瓶
3.025725409035085,492.7702274557124,5.0824373183352565,25.654683592332052,橡皮擦
6.084867921184445,552.8546646389511,12.874038909255454,38.51198469376669,磨砂玻璃杯
12.340285588758432,618.611259211282,3.29244216368865,21.664969293325758,薄塑料袋
16.993315267879186,645.4624810070463,18.89226944178269,42.25818922104753,透明塑料瓶
3.795025893714985,514.1665109162036,35.88340473412272,57.22317265647012,金属小物件
14.032069158091707,627.7513690276686,4.031142331239884,23.29154250420626,薄塑料袋
13.567552501285654,625.1680333665175,15.362562976139385,40.35859235324854,透明塑料瓶
7.10919443945461,562.8762190735431,24.801510846951206,49.03522014254883,硬塑料盒
4.8774543137070925,539.8913383522812,12.083006949784192,36.507562970922294,磨砂玻璃杯
3.673560686462126,519.9321481173816,3.1948797987118365,20.985643694161137,橡皮擦
12.298369050786983,612.0420103857865,5.242572287978181,26.04359794528362,薄塑料袋
3.170502233895576,495.72695109789726,5.0319718331213945,25.63885029449157,橡皮擦
10.634929858046076,594.9877780885613,1.3111447917458436,14.992506486361137,亚克力盒
3.91914622118136,520.9601396320146,2.0823316822277778,18.25980226820431,橡皮擦
4.091212512222262,533.5098392879813,4.469829491687497,24.279982261452293,亚克力盒
11.431081267120225,600.0684213556789,31.114612003743137,53.04132144844322,硬塑料盒
13.31363923994464,618.9664716307495,12.626263005384178,37.675283112914094,透明塑料瓶
19.520567769204174,659.5,16.828536431964913,41.41253354822832,透明塑料瓶
15.239989571382967,636.7929083151834,1.7640064513459777,16.722033066858614,薄塑料袋
3.2038876898359705,495.2856412522566,39.155204012729996,57.869411166342054,金属小物件
2.68141670252417,478.4707400572925,16.74397959778472,41.48466029382553,木块
3.863231057644722,521.3079262165576,11.266363957631523,35.139069277698695,木块
8.31623891856423,578.3213022213516,1.3905264261401336,15.072797860799435,亚克力盒
5.237747435498061,544.9383104982214,4.628438795992101,24.924405367879928,亚克力盒
3.231764367732085,503.38205266176783,8.102005369842818,30.584521741232525,木块
5.486157807262698,547.296949705017,1.2493443655830188,14.416080025795994,亚克力盒
13.223927293517466,622.9622228675805,4.646138099919743,24.77638591766624,薄塑料袋
9.122865567457804,585.759265976882,3.5685442983006053,21.814703081341182,亚克力盒
6.932735180175071,561.6109611657562,8.820221186897937,31.83240041114998,磨砂玻璃杯
2.716470712270589,482.33656852597835,13.551177274654052,38.46018768165756,木块
3.470431412166105,504.46190814221,1.9314489552970469,17.327045724247427,橡皮擦
13.879804875051814,626.1431083957112,1.4406133568204402,15.04759760935629,薄塑料袋
17.059764496763623,648.2475272359839,28.3222163753167,51.68315984458874,玻璃杯
2.802748744820083,486.2812980241904,1.7780114148731616,17.220326450698863,橡皮擦
18.7641692798591,657.0941514730032,5.083996926247322,25.418129174275258,薄塑料袋
19.181178447417597,659.5,37.931779430931726,57.52968474087469,玻璃杯
2.8658994914729052,489.1059000590281,25.633711047370774,47.673792167454856,金属小物件
7.072605490316647,560.3442773081506,2.6077446682716356,19.147074143360058,亚克力盒
8.664583004341976,575.1510406977441,13.578268004921558,38.45305024175335,磨砂玻璃杯
8.972235095104871,582.8691871853077,33.375381817215505,55.23613297981574,硬塑料盒
3.3071668641934484,501.9808117646175,25.409530686812783,49.416151064629474,金属小物件
8.49114019593679,578.1659840605141,30.945105602770482,53.08065220102668,硬塑料盒
7.784732814303241,569.0019579230117,21.306114465342322,46.016847366161734,硬塑料盒
4.306522489346247,530.2124979049892,12.289079005367828,37.473694929111986,木块
5.12044338590166,545.9150449313131,4.717533595034303,24.992229112177718,亚克力盒
7.020325240885431,564.973255440018,14.649055183922874,39.6721424293191,磨砂玻璃杯
4.0888539395637675,532.1573433763751,25.727221921872705,48.9682438440362,硬塑料盒
12.653762513662935,622.4234728269817,29.00633417387162,51.75821011677633,玻璃杯
15.50212786328722,637.6416811243233,35.53864651362338,56.266175790083246,玻璃杯
6.95807709379093,564.3303557632327,24.59424588862335,47.43061534045251,硬塑料盒
15.678870112365226,640.4093515665547,15.605390531283284,41.16610427597088,透明塑料瓶
17.910483589962556,652.341888848369,23.94063594516532,48.10953523169074,玻璃杯
3.276674417827534,502.81287674467353,24.497649498677966,49.02939854861253,金属小物件
13.173009843077427,620.4424184884068,29.04458554872267,52.576398546628305,玻璃杯
4.717506749761539,540.7234200847379,10.202869771389405,34.082895284357534,磨砂玻璃杯
3.236308653917042,499.09673444946793,6.424385381463991,28.285258524610768,木块
9.641088380464485,590.264302870681,23.205233959753976,47.61032053542944,硬塑料盒
3.0916074773481315,495.0360202465209,12.923729897678973,38.03402201103826,木块
8.030473607573413,574.1663710732716,33.906779610713286,54.681517163334036,硬塑料盒
8.798904442429203,580.1298819652666,1.7768164731257456,17.02849885721884,亚克力盒
2.866955450671599,484.2439906039509,1.3470727492005299,14.963465590715053,橡皮擦
14.376074224319776,628.0644298523333,19.5276349188218,43.374744026627134,透明塑料瓶
13.302786849143471,623.8076757893214,9.965651616775638,33.77539504298089,透明塑料瓶
2.6332865616461074,476.3,29.2834529018104,51.68442903417699,金属小物件
13.259744904950667,623.0187195321539,26.379614483526446,50.46893620336744,玻璃杯
2.726932481123136,484.62998632822826,24.338594706396318,48.889216182764,金属小物件
5.17949481499914,545.9498477418716,8.917771172563278,32.571685923969994,磨砂玻璃杯
12.343751687598989,608.9725432217266,7.411836957425169,29.959715592123075,透明塑料瓶
14.833170656953486,632.2360590092,3.2410158964675095,21.13258090621616,薄塑料袋
14.906361847087242,637.400204443656,7.123725418626921,29.629817899605516,透明塑料瓶
4.053829268497044,525.4352668705245,4.662697343799842,24.860067850456865,橡皮擦
3.2416046359500976,496.6772038248399,27.296273853780406,50.860858132556295,金属小物件
2.737219346505625,479.91520130190634,3.8056113966580942,22.4106600591188,橡皮擦
4.133624832981919,531.8171553230356,5.357036992531134,25.988411488854677,橡皮擦
3.3407165193902655,503.45015804679366,9.72609783640797,33.638685541617974,木块
3.867512479510579,519.946572511479,36.71561166944814,56.99012241685688,金属小物件
16.701195933815832,645.9476938752916,8.017439372485656,30.697250221749254,透明塑料瓶
15.060251506837899,635.1202407119945,2.6906447929307813,19.608428415140395,薄塑料袋
12.503775442062924,615.2938392825375,3.6571205959002926,22.480974613048197,薄塑料袋
16.68789661139146,643.3046226976809,3.473064913933366,21.732469245313393,薄塑料袋
16.357717980316,644.6683563994433,1.8069784361225671,16.765184698627,薄塑料袋
14.68883194260768,634.6604305408513,33.10334134156217,53.807863950009036,玻璃杯
2.9004374815301404,486.0022726786195,1.9596651591461864,17.38289532083826,橡皮擦
3.834581797981198,519.8487404552593,9.167002321619707,32.57880704488166,木块
19.190021938499168,659.5,3.8746744784323046,23.2440316799466,薄塑料袋
12.129681302192102,606.8773189730433,1.3634839698514254,14.775595896106838,薄塑料袋
10.848292563784021,597.5787597366306,11.670558003341856,35.846356988679034,磨砂玻璃杯
3.1278269934393395,494.56667133731725,6.111172811617017,28.063573360670688,木块
19.451878253864358,659.5,30.993787522011495,54.56057596487071,玻璃杯
9.09144090436249,584.4076669663788,4.644303723178102,25.24363412939826,亚克力盒
3.339578687449157,495.417730935483,1.3979576512441492,15.151515069485209,橡皮擦
7.23991259584026,565.9835556646146,25.93627164059623,49.95065270298418,硬塑料盒
2.922363111774787,487.8388545790817,28.781232974314342,51.428563791721274,金属小物件
6.796060266052129,561.6446754080049,29.871035167231945,52.83643802137849,硬塑料盒
18.17803079654114,653.8769754254206,34.35505273120365,56.80807469676525,玻璃杯
3.687095544199012,517.6021121827725,3.062277140342188,20.71334720717109,橡皮擦
3.8355712852944945,521.5196309580432,31.04670301472055,53.610065966918455,金属小物件
13.125688435852407,619.7859369952097,13.513774765294091,38.720616942245556,透明塑料瓶
12.985940501748788,623.2955547524866,31.301688873734747,53.899624919539285,玻璃杯
2.720361867922057,477.52474811843894,1.8338040980061703,16.799666773348953,橡皮擦
3.137613715400145,496.7106719535937,1.72728989008194,16.611961197839936,橡皮擦
5.256294550544489,545.2433277048557,20.872906661081252,45.47801085412094,硬塑料盒
2.6962396608426618,478.32905358245324,9.411165331438534,33.34088122787047,木块
3.3358005253149576,504.3367716703377,12.899189358947856,37.72280969898563,木块
5.063067134709959,544.5390178589362,24.99445547542573,48.13668167633322,硬塑料盒
17.384846131458474,646.5219887429035,3.3025822673824576,21.163680719647072,薄塑料袋
11.689175106651659,604.1944956164004,1.8687343850646747,17.130716366642805,薄塑料袋
13.83751233759814,625.794809851571,3.8330795865171847,22.997717460278405,薄塑料袋
10.319275401810975,592.8571644301035,33.00672325883002,54.88145110554524,硬塑料盒
6.01139021931774,551.7755005986935,23.70072519104321,46.75707831823958,硬塑料盒
10.449594486571844,592.9277719200148,3.058726091706531,21.040296154999044,亚克力盒
10.199255389932597,591.0261841087072,3.6907068808115557,22.5955841663343,亚克力盒
8.952156398458198,585.0704383941597,2.4730039928093706,19.11621007892812,亚克力盒
2.9128872693432033,488.7980300310285,1.6928326804809462,16.281386702678567,橡皮擦
2.942642841814978,487.8552186410634,2.101936689165841,17.965375588337043,橡皮擦
7.799055419137368,570.4824060638042,1.7960848430102652,16.653278549603264,亚克力盒
7.228892813143471,564.6339385048276,11.988157663103896,36.43414716062709,磨砂玻璃杯
8.269420485663577,576.8984350195985,14.060024139092416,38.82754733368656,磨砂玻璃杯
5.096116537684991,543.9582204175344,14.33271027970018,39.705427733703175,磨砂玻璃杯
6.956896935277099,561.0562922660569,23.96708025808541,47.64991246561168,硬塑料盒
13.83962270068651,625.2534780595549,2.9885566634283847,20.371248245184415,薄塑料袋
7.607565860326405,569.8773364189652,3.3527372764831402,21.36686442510896,亚克力盒
14.059737338945968,627.4202722222025,3.7253966939900645,22.027605687761234,薄塑料袋
16.34807890468356,645.0183920881235,28.51204241266289,51.31233700004369,玻璃杯
3.3776201769314667,501.94442661443395,17.887654458869942,42.51454621920101,木块
3.881723308946459,522.6938425036552,29.908415200305175,53.420363167223464,金属小物件
6.950414954036104,563.2710414874733,9.629387180338,33.29597961057316,磨砂玻璃杯
2.5889310996545523,479.29397526537673,5.986877461167668,27.921568694930027,木块
19.021527585667997,657.2475723792463,28.272463768099477,52.20097148700918,玻璃杯
9.198202240196098,586.820613931356,23.245191577896115,46.62788465320273,硬塑料盒
17.58187952457849,651.1442346211272,18.786290079277737,43.190418977692666,透明塑料瓶
3.417270539627876,505.99045572462995,3.242067778220363,21.46773391288673,橡皮擦
6.93605254080969,559.9456874074741,4.3965475268548895,24.20751632840576,亚克力盒
6.377600142983906,557.2603007924384,23.785209661027444,47.22993963150045,硬塑料盒
19.240259359438014,659.5,25.623376473268564,49.722595364386,玻璃杯
3.875163955952896,522.3222404302752,12.655675403240599,36.32230743673396,木块
6.21053174825415,553.8886683644564,2.561392908359883,19.55719310632751,亚克力盒
12.581573603739425,615.6861872907931,7.150281530801073,29.296824062556567,透明塑料瓶
12.632594285520332,614.0951229295982,3.8398238766663346,23.02967823048469,薄塑料袋
7.817217979512261,573.5587639291767,12.09523201620347,36.116395524296784,磨砂玻璃杯
6.868447905456722,560.029703315918,1.6997085813470483,16.2713954142032,亚克力盒
12.388281095977215,614.7546271293174,2.961980186916468,20.916353714575493,薄塑料袋
4.537708007552564,538.8150532862627,31.836129744806065,51.91626774914287,硬塑料盒
13.991136321644278,630.5458918657993,20.153793157123122,45.258076573665356,玻璃杯
7.712088060702128,571.9489454753135,1.6147756040309988,16.39678445589387,亚克力盒
17.03969075737991,647.3789991164876,30.817023709872785,51.94351983870824,玻璃杯
19.02586423232313,659.5,9.370223039737866,32.88522053186138,透明塑料瓶
3.9110326674088336,519.9686160340026,10.256076060914221,34.41646661692818,木块
15.424191847739849,642.4713322520361,17.263944618023384,42.214326811199314,透明塑料瓶
13.163348640802294,623.3822963810237,7.789781055901885,30.634656075875718,透明塑料瓶
3.6401312966338946,508.8768216094558,12.907244908878647,37.19930598827899,木块
7.745405534488275,568.0286108632761,3.6510095670994835,22.079406399306972,亚克力盒
16.946876539669955,646.802637636081,24.519690022117448,47.059638932676016,玻璃杯
15.680044685936831,637.1208498612378,3.309411692146473,21.24055982845941,薄塑料袋
3.125911947152117,493.862393093833,28.090399459572524,50.551485340516074,金属小物件
9.922438262320448,590.0373845621056,20.338046153104862,44.144840291225755,磨砂玻璃杯
3.005136958401828,490.69053163831865,3.3696843095908604,21.74006778322996,橡皮擦
5.045379153784494,544.6725419584535,10.532823342067191,34.79302810737889,磨砂玻璃杯
7.6128089863024035,569.2687942925022,3.5812165557842004,21.991110478799477,亚克力盒
16.80914771161504,647.985608681337,14.732214948053178,40.08345717837345,透明塑料瓶
11.88867358636976,612.1678733770543,23.55093479250761,46.97218676552619,玻璃杯
7.639892825466897,570.721393011625,12.536621523709298,36.839129772409706,磨砂玻璃杯
8.828588885276487,579.4133869068501,15.535006020241669,40.31463513287563,磨砂玻璃杯
6.672190963049444,557.3211012616158,5.128880830071759,25.588227717022516,亚克力盒
3.6251449735583345,514.1526279283538,35.34816326562666,55.19686093859703,金属小物件
14.389857461210418,632.4689919703338,16.095444776206513,41.445235291133606,透明塑料瓶
10.607212834919457,591.8870835259969,38.19385319561371,58.21533475453314,硬塑料盒
11.454629914865857,602.1952081483495,34.17914146006377,55.18509149438713,硬塑料盒
3.457664319204604,503.94580793666574,25.15178711058127,49.556620772927396,金属小物件
4.065623707222461,526.5104918483821,2.57131221844024,18.97437700960612,橡皮擦
5.777986877529246,549.9417071929682,2.921149912385099,20.295937266212864,亚克力盒
3.2101499440670653,499.3837908221771,3.7220681484417857,22.28301498275795,橡皮擦
4.353943675720944,534.730889111705,1.4577577252034326,15.14435387446543,亚克力盒
11.364385434466659,603.940388486235,1.2391987123064576,14.439956698448691,亚克力盒
17.3440754349386,648.1973096847829,1.1907875668231678,14.32426585414873,薄塑料袋
7.1282631956029885,560.5665374070782,1.5910503815894759,16.237549029880128,亚克力盒
18.481483858513723,659.5,24.2165686682326,47.48413479658841,玻璃杯
2.9373660552421867,488.1309627893872,26.23781598850433,49.53567268320123,金属小物件
4.0221197995399445,525.6556417186246,12.25257793919825,36.78195618588972,木块
19.173664230207393,659.5,12.041734192904991,37.47203752726535,透明塑料瓶
4.088606080640167,531.5178209833141,4.198563884428958,24.51660929950149,橡皮擦
3.563993466460621,509.09170710233974,1.6512093521097368,15.89989435683398,橡皮擦
9.081039590291164,585.6689186572277,13.247805273016661,39.23715317936727,磨砂玻璃杯
16.07637716105708,642.3734047452941,16.685515290056067,42.19249942315264,透明塑料瓶
7.704092377174807,568.3664396514763,9.709670011221773,33.368394548694305,磨砂玻璃杯
3.8541744415752417,520.1537003358251,36.59847681160442,55.294942926718974,金属小物件
3.120493762779177,494.7481626076256,2.2519608171771583,18.60587376898195,橡皮擦
5.769553141749155,551.1681976343397,11.347494363514077,36.1730002721909,磨砂玻璃杯
15.547912076862495,634.1529591648753,20.362881826110154,46.19307741487819,玻璃杯
4.182015451482973,533.3362654136491,3.2758462146482166,21.43136649878857,亚克力盒
3.810552932403347,521.4364364562035,6.913634462065883,28.60265059022355,木块
3.9194904801412447,526.4450649521851,23.890954604814375,48.24406889228059,金属小物件
12.437934044854709,616.6478295647717,13.41337678601441,38.93580322322179,透明塑料瓶
12.061406969860402,611.5201979917258,12.413283871956303,37.66928595356195,透明塑料瓶
3.225239122232271,499.9444829762933,12.906409100181264,37.92421391900164,木块
3.229001093733767,498.8099961536507,7.006743176977742,29.366222137508462,木块
14.615690819079951,635.2979694688559,29.327565345617124,52.534640584186576,玻璃杯
3.4231643743507507,505.54221453212887,39.00802304068085,58.396021781326574,金属小物件
7.733091351416279,571.3245283876395,35.5479844258907,54.00082271364864,硬塑料盒
6.813290976102921,558.830107570762,12.267115828086562,36.66297545155638,磨砂玻璃杯
3.818528584537423,518.3626110494955,26.064372926798807,49.10269681211709,金属小物件
2.7490786945869354,482.4140514744606,2.322008825855692,18.78678780666032,橡皮擦
6.268017660169896,553.2791334532825,17.30849744138711,41.612762670275,磨砂玻璃杯
3.348342646940998,502.2940867161942,32.80160575444991,54.23493246274397,金属小物件
13.27230319411359,624.2500400878977,12.29653287592269,36.81022251777396,透明塑料瓶
14.48579696847694,631.1839807948965,13.04693835936929,38.817527119847,透明塑料瓶
9.554569384991419,588.0956469726272,31.083234448416672,52.562060901950346,硬塑料盒
9.13253143775663,586.8012253864175,6.565505181138561,28.694213111896335,磨砂玻璃杯
15.897020705733086,643.4845797502421,2.5054155789281856,19.174899001017028,薄塑料袋
15.876877292233644,642.145961627774,32.46468345883423,54.96792136824464,玻璃杯
3.9434116758637865,522.47182786964,16.191296743241637,41.862115569322405,木块
7.0337694298847895,560.7360847961003,3.5017720835412964,21.885894412796105,亚克力盒
3.1302581797019413,493.81123677673344,34.588918307307566,56.76304936012981,金属小物件
15.345379687291862,637.3977112772574,3.078772829314144,20.73712228608494,薄塑料袋
5.246471646799745,544.5478214799882,1.3237506092723808,14.558546657829561,亚克力盒
11.311813209701484,603.3036652955735,9.72747397981342,33.731694103549465,磨砂玻璃杯
11.39322693043043,601.1786415917592,3.2534738313357168,21.173590270988527,薄塑料袋
3.7577429547563534,521.6657234489829,2.4389463807344565,18.834078642389763,橡皮擦
12.243774421139918,609.7341468964091,27.561491334544836,50.7203774730948,玻璃杯
18.79434083525369,657.3290542360945,1.7060622724669403,16.30921768021764,薄塑料袋
3.946472759051352,519.6079472035235,9.119793438852696,32.40341835453034,木块
5.018603371556875,542.1233998103664,4.449496028492772,24.131293668038673,亚克力盒
5.218964333550078,545.2408550332773,1.6953651216081598,16.89097691595905,亚克力盒
8.272599898702717,577.9712690211347,30.061631677410585,51.979431135536345,硬塑料盒
9.406644129490742,590.034683239856,1.7884061944644862,16.95322053225331,亚克力盒
13.146617904370187,620.5411032585537,9.32528548822191,32.834660773152564,透明塑料瓶
13.862181168831013,628.3049831094415,8.102749659162928,31.194637902682267,透明塑料瓶
2.8300718313296627,481.83322959601446,32.581841921552176,54.284772035216726,金属小物件
4.803025905142129,539.3513379507975,10.457153221877194,34.39374233755687,磨砂玻璃杯
7.0033083730242325,565.2815067807849,1.3158932796665643,14.948087166952904,亚克力盒
12.473801935436445,611.273951864704,12.741563537898367,37.2917706147332,透明塑料瓶
6.180690671619004,554.6913936186374,7.819781033929451,30.65247965334613,磨砂玻璃杯
15.510627976309975,635.3662165034859,30.266691421906756,53.74174814902838,玻璃杯
3.5087819716269424,511.3104133962042,5.478291687532551,26.109830855275128,橡皮擦
3.608790126835759,512.7192844633684,22.731461783469417,47.80997369090178,金属小物件
17.530744400370974,655.5347819854392,2.842767769066048,19.907083259886402,薄塑料袋
3.04410507932503,494.4506777261124,25.675559310897228,50.94034180900475,金属小物件
16.732490916902222,645.5008717414171,24.29937829474337,46.90481696450839,玻璃杯
5.512963435443474,546.9072623337375,1.9903247613276138,18.020667049687816,亚克力盒
12.461713377903072,613.3701971124759,2.1831570196319343,18.251595352252107,薄塑料袋
3.5113597651223345,503.66693374047173,26.105958610427997,49.730097903158516,金属小物件
4.264834904330654,531.929627034053,11.660923779669593,36.29678283627379,磨砂玻璃杯
8.833381100562201,580.2736573263018,2.044845997280744,18.27676720666802,亚克力盒
9.45880099173922,588.2177600928678,28.63528806607183,51.067812737114835,硬塑料盒
2.65266782904591,478.2624709407742,20.769082741879213,46.03618853426151,金属小物件
12.325981025425817,617.7294323974593,29.82806481897398,52.89279517420182,玻璃杯
3.446324205399837,508.7248375039532,8.575929116224405,30.9562112995392,木块
2.8589395759357017,484.6825914225466,10.002359838203933,34.00822997587051,木块
4.31490189948573,536.578063042833,26.62688923888484,49.77797557340708,硬塑料盒
15.287252077979435,639.6254159901239,12.792314622978147,38.37415532050248,透明塑料瓶
12.7899560877051,620.6426601581164,24.219396592738253,47.20384131045384,玻璃杯
6.933911099387683,559.9619446391258,3.0177898504366762,20.789221373149132,亚克力盒
3.6829529420365548,509.9545651338279,25.279224379705013,49.923522975915176,金属小物件
2.6173792129566884,476.4288353414973,2.276264369815136,18.436186828404598,橡皮擦
3.4361465739770587,506.1208637773112,1.2753113295752123,14.5419165567036,橡皮擦
3.5937958484753523,513.9116912922166,4.275306225678048,24.086716401210698,橡皮擦
3.9580307419048313,521.048825357889,15.39492801987081,39.76605982852037,木块
3.7841244425249183,517.9642674403074,11.269988914052998,36.17550766391159,木块
12.331830949836794,614.4266681287606,3.619589117762442,22.320615269544955,薄塑料袋
3.1069606212009537,492.1809577029917,29.80838038100068,52.53150731602936,金属小物件
17.579248567230458,651.11975175869,1.5484709655023063,15.589028588068476,薄塑料袋
11.4525445207073,601.6440096724552,25.48071557503874,48.31741996916038,硬塑料盒
2.93050092546019,491.601153608425,4.282780231677649,23.529882035423324,橡皮擦
16.299734977707537,641.2178447740189,35.27686918549744,56.144363949709685,玻璃杯
11.452600736551295,604.9736239502794,3.2500072922136987,21.574280571233015,薄塑料袋
14.570655635968922,632.5619541274267,4.129706487358472,24.096033410896,薄塑料袋
3.11480286331726,491.9872846706727,31.184703226115687,54.04689443277476,金属小物件
4.1453287990492305,529.4630135820237,37.62228647493047,56.797926602792224,金属小物件
13.733282919105148,626.6164989871953,4.721134054799917,24.87264104218913,薄塑料袋
3.4194127867374227,504.1772100465665,1.6525819978763885,16.222080024085177,橡皮擦
6.010223241318061,552.7953532506345,24.87336867403834,47.87754910351127,硬塑料盒
9.924114356265276,591.5482149733964,2.3342038471034727,18.940587133642087,亚克力盒
3.6198313645346527,511.5322279761379,28.41577510073644,51.95660418369875,金属小物件
9.383666702105177,587.7272240712858,4.590848125453584,24.767455365018577,亚克力盒
11.993603516070642,611.3807153714132,13.161363837153583,38.96309451012171,透明塑料瓶
7.374301142844639,565.3323437204211,2.924472550717457,20.435743335543005,亚克力盒
11.018447331309385,597.3313965637085,36.07359366916631,55.739719429310476,硬塑料盒
14.362719591257099,627.6730088115347,24.962620930909488,48.166749560149,玻璃杯
13.928306306321263,627.2009964018823,3.596669658150175,21.82203509655657,薄塑料袋
3.5961283456405764,514.3757492861811,34.334191332895905,54.52685061805354,金属小物件
5.516774360627359,548.1019148996777,3.248784979941789,21.90364435581094,亚克力盒
13.31053227424564,619.5656373688187,3.5350535502719684,22.106277570779234,薄塑料袋
11.06886394331977,598.4448354412531,6.436287646626485,28.247072705222713,磨砂玻璃杯
17.664804472224244,653.436442781675,34.022553364424084,55.02070380589296,玻璃杯
16.091923031561908,641.2850315250737,1.3538992317934473,15.145917062481521,薄塑料袋
12.466594106291152,613.6233893021749,13.051024325612968,37.658424025731534,透明塑料瓶
16.149177530047556,644.9844740742868,25.781539856240133,48.50279699547727,玻璃杯
2.685769987442383,480.82017453324335,24.960733286532495,49.048488152824596,金属小物件
4.7914856143454365,539.6831859358423,7.825379787406778,30.024654679002026,磨砂玻璃杯
6.052245999728795,550.7075815114974,12.89692317689339,38.348114242189624,磨砂玻璃杯
14.757412995735246,633.9395447523109,27.545939592558078,49.85940250177724,玻璃杯
3.5907929222011776,509.49969470074996,13.167095542217401,39.247591727748464,木块
15.02718807480922,636.8114369748404,8.472457845516882,31.84116862425982,透明塑料瓶
3.44605174330694,507.4385810107483,1.536741540462323,16.040304218873647,橡皮擦
16.675470774648694,646.0001352725877,23.86233150047125,47.51689460039142,玻璃杯
3.106924217567276,496.4129268438588,16.761984685915692,41.53534509910894,木块
3.616917721074557,513.5156120805657,18.9913110067442,43.19496804259823,木块
7.785937343853117,567.2515456330285,30.676457161040585,53.04067842818449,硬塑料盒
3.4277007851193813,505.70149445467524,32.48789982969466,54.797195559919444,金属小物件
3.789985309561835,520.2276534954572,1.3869965488236118,14.91639192988536,橡皮擦
3.029816347737603,490.5746060052002,36.45539765900872,56.35404067939608,金属小物件
3.0405783059714486,491.74538839537985,6.591927980114055,28.608659177467576,木块
3.066281975539947,494.4763138045836,9.29724951152965,33.14273295720229,木块
16.604527377655515,645.9544548696738,1.8683112422372088,17.136657190293242,薄塑料袋
10.531180028819076,592.4565236561458,25.404828864225504,49.52020029760922,硬塑料盒
12.525531857622294,618.0487684717363,37.40504747478693,56.38150169105787,玻璃杯
9.211173034987324,582.8568782167075,34.31317727542685,55.245421417542445,硬塑料盒
7.431276977804818,565.1262610442714,32.09679081731218,53.82047396569316,硬塑料盒
13.62221385329364,626.0554653229389,31.39064456529191,54.84380849451884,玻璃杯
4.876189843264389,542.5969048512101,3.9435646067296743,22.695233992658352,亚克力盒
12.017008348486174,608.1836206325548,35.61015977476608,56.84690684551753,玻璃杯
3.8394291176685287,524.3772205845916,3.9667481306538863,23.50515463938238,橡皮擦
11.402189654133021,600.6356850868393,12.537745345964911,38.0552948076787,磨砂玻璃杯
10.482675449730602,592.6091178176898,14.178736690890858,39.290268088770084,磨砂玻璃杯
3.899675574337479,521.8961029117329,36.55448621217867,56.69677119647308,金属小物件
3.262300082322849,501.9894690642707,4.399838713354355,24.259073452608625,橡皮擦
15.901426175975791,640.8972509127505,10.229317617512136,34.41786580522601,透明塑料瓶
3.974894548314621,521.8529344039177,4.56616663099544,24.75105672187122,橡皮擦
2.9606482482255476,489.8188431086301,3.5381450232689455,22.20795422803842,橡皮擦
13.798032072805448,625.3671833693013,29.63696869627711,52.24769708012726,玻璃杯
3.973963645711716,523.6910017186905,17.35488813058049,42.60962424643551,木块
3.134994712522716,496.4263998383282,14.056690482708985,39.25443413705628,木块
11.983521289382347,605.9889685647205,16.95689925102955,42.6351967612494,透明塑料瓶
7.101517984171167,562.2751763728531,19.413315329571848,45.09030878840592,硬塑料盒
6.09812085278168,551.691617895251,38.68525142968621,57.55212371312233,硬塑料盒
3.011275502697762,489.82852562683064,35.11426583094253,54.95931986262596,金属小物件
3.080438392927176,488.8197948173618,1.3764225203216955,14.96435989382807,橡皮擦
18.66549242664048,659.5,1.6503295175753754,16.309605723132194,薄塑料袋
11.87378854200688,609.2011454372865,11.065701668584333,35.09425976630635,透明塑料瓶
4.132825953241104,533.484425934321,27.811523274740534,50.39493495801893,硬塑料盒
3.7433546070637127,515.7036456702709,32.185206102927225,53.42273646366693,金属小物件
17.752773088098635,651.4666697623846,11.807267463946848,35.71057643802441,透明塑料瓶
13.912136188556966,624.1609721651441,4.5841555154571125,25.141170001472776,薄塑料袋
15.666920925398166,638.5501353813415,17.14917590757078,41.73573111168354,透明塑料瓶
5.951850574034934,553.1244544041565,34.12210746173155,54.75573640558093,硬塑料盒
2.7952691977696142,481.0883436133605,24.421506867849256,48.12357416291563,金属小物件
16.345596304510384,644.2024491249989,34.38474902186994,56.23296178919045,玻璃杯
3.7014637162974062,514.1708043976499,1.684182156948381,16.05792037329036,橡皮擦
3.7074666643645293,517.1224663639856,3.841357061930157,23.071747941876087,橡皮擦
3.4212451249659352,504.2991227875843,1.2182205784307727,14.521103816165903,橡皮擦
2.7696330132375016,482.96364343569775,1.5641014886597044,15.903011161051289,橡皮擦
19.11187793334548,659.5,3.8780124502842495,22.846273521718405,薄塑料袋
2.8333830153802726,487.3941480484572,10.515264252075378,34.79415189086427,木块
16.4012727881251,642.9235284076726,2.2779494679148033,18.76455449416445,薄塑料袋
6.14390285086764,555.1232979388016,31.625924184653794,54.355256728495775,硬塑料盒
11.024276300062407,600.6099077013341,14.161476389098626,40.011418269523645,透明塑料瓶
3.9959573420537287,525.4803641378433,5.180831397872712,25.507729454408064,亚克力盒
5.234007799922997,544.6250819389671,3.5644223812972444,22.734991410762902,亚克力盒
4.160132030785546,531.9973603981811,14.092008528275205,39.074991698871024,木块
3.2207499291382526,502.2434430583126,1.9043655656234997,17.41333321098034,橡皮擦
5.787910810861369,550.4931630849,18.28345370385552,42.31334504323475,磨砂玻璃杯
14.427578546700216,630.0902146385639,3.7541350177015227,22.714833267645407,薄塑料袋
12.479333356434573,617.3321185348433,18.136705498419534,42.36014094014979,透明塑料瓶
2.936921983665821,481.8786962286317,1.3830415200393316,15.051037201348734,橡皮擦
2.827086868157072,486.4119778803032,1.5729323644307744,15.942536169722606,橡皮擦
3.074090156070176,493.6290387150107,28.159271862677826,50.793178957628896,金属小物件
8.107839654492588,576.7260560778693,1.6307928737311925,16.408769924683938,亚克力盒
3.511962020256197,507.159007074663,7.362747511351259,29.97224931457434,木块
6.280681442747945,556.2869795908015,1.8574404834135825,17.146396725509415,亚克力盒
6.91023995672728,557.0439562016134,36.66117103056575,55.75898246231995,硬塑料盒
7.628306063712151,569.9001170223737,28.503228424778957,51.416515217088126,硬塑料盒
13.67377737889676,622.5028229360101,11.248420742702745,34.68056663738257,透明塑料瓶
8.145358545333734,572.0888697780214,36.90440804524717,56.818927786867626,硬塑料盒
3.2987210450438633,500.8716803736679,12.419483678553197,37.99694177546414,木块
8.539868120032876,579.4247078694839,24.935451548664137,48.82903071426087,硬塑料盒
3.0418817456924905,492.7945440119533,27.929813780335856,51.65280610014606,金属小物件
9.108652535919195,585.1556068658454,3.4417395628062972,22.450290180223146,亚克力盒
3.3855197704047746,499.695540679162,14.863162790975718,39.936109671001915,木块
6.9880741963677915,563.71080950743,12.461669114317687,38.251994619554104,磨砂玻璃杯
3.9404925304747858,523.8326133932568,18.275687441491723,43.307962731624954,木块
3.528104429150649,508.34080584759,1.6568626756574858,16.406149985620857,橡皮擦
18.476049421893578,655.957520553913,7.675077728417353,29.889333502257987,透明塑料瓶
12.743481974980222,620.1830135885394,8.009535352911376,31.414830993792414,透明塑料瓶
3.802269737920586,518.7422486911423,3.168795678505188,21.188965750201717,橡皮擦
3.9676502156098676,524.7065704718503,25.672942838622475,48.01459051812943,金属小物件
3.2960160578417463,499.5878988589396,3.9647389745276755,23.236408126109083,橡皮擦
4.425812918324949,533.4313258408242,18.706885753284144,43.11390863505809,磨砂玻璃杯
8.565970525620843,580.4861269146143,32.511672924209314,54.85840464692031,硬塑料盒
6.4439259031690845,556.9759933600227,7.233318035725894,29.489980698803404,磨砂玻璃杯
12.583292073679662,622.1145387096759,31.648940090295003,53.715648548340155,玻璃杯
17.83707268486348,653.1513498783593,18.416973275079112,43.17412627159587,透明塑料瓶
3.134762417257156,492.89896706375987,7.059818565679422,29.1570672476073,木块
14.980613604218929,637.0909713442742,12.22945237774195,37.55109192711055,透明塑料瓶
3.698945078750775,516.0698016334131,35.441794143872976,56.063880832628584,金属小物件
12.711034000229036,619.3332389120587,31.023243774375914,53.033067575883294,玻璃杯
5.714222743397793,549.6836999840791,1.3249986913258713,14.638898003331857,亚克力盒
10.623439221582741,594.5626166864654,1.6275984049826695,16.33129376699877,亚克力盒
4.7270000702047,539.9986784566133,25.28127865163345,50.57298177414746,硬塑料盒
13.558974802822492,623.9739890399566,18.945774009880076,43.302795387820716,透明塑料瓶
13.313961240379294,623.447778947995,32.88512927765971,56.025238154827385,玻璃杯
11.643483379507572,609.8315185040635,36.328434262925335,57.16411285243778,玻璃杯
10.825217816617771,594.4103068227197,29.439120019875325,52.50526014474291,硬塑料盒
7.116031126301262,564.189138594135,2.5550874947349156,19.180304272150906,亚克力盒
10.865822311540667,595.0939350487121,25.330465985783707,49.08787990295269,硬塑料盒
3.2587158636395652,497.826000981571,18.644806903467675,43.29156313128724,木块
12.10552101994419,609.9597185519439,13.038450945061925,39.327033175702134,透明塑料瓶
9.505036227451185,587.7917810820343,25.356872248492543,49.49587992280333,硬塑料盒
3.179916073407758,493.0740494047966,25.240059448409664,47.55734414238958,金属小物件
3.662761768228202,512.2840889991917,2.0572783536946817,17.759806276519054,橡皮擦
12.83171524536633,619.8664359506048,30.899616588668632,53.08578945120541,玻璃杯
3.682747786442222,515.7110580829748,29.502374619959493,52.62064209001781,金属小物件
3.9586259353067996,523.2583612861106,12.331345046576073,36.10738538879188,木块
3.446193140913021,506.1171115804444,24.95318786344121,48.89561623898181,金属小物件
2.5544427671793013,476.3,7.912644612958853,30.582118490613208,木块
7.537851983800348,568.3450350086456,17.173839873633202,41.685321319215014,磨砂玻璃杯
3.2979397564795816,505.4742267801458,28.285814976393723,50.29230948060178,金属小物件
3.1261616940120205,492.71613576853105,1.4026964050615418,15.063341980164639,橡皮擦
8.037902730164683,573.3828191656742,4.638112807361456,24.430883745015336,亚克力盒
8.811958622222875,579.9907843297528,23.489225292586863,46.980840176145854,硬塑料盒
3.2586679637300726,502.67895841084606,3.6109085519503523,22.474139169367774,橡皮擦
13.858363401089088,629.6549232783894,8.963979866779773,32.395559096513324,透明塑料瓶
12.1587630612696,609.2980332259475,23.017469432025212,47.74476182927882,玻璃杯
2.924067419347548,486.1793925065016,7.248971441744267,29.968779454343565,木块
10.536967925082246,595.7457632634244,8.771298896831087,32.933168557331186,磨砂玻璃杯
13.123212697173289,623.3959779316075,27.903337727501277,50.33063077102088,玻璃杯
3.641357444414514,511.79025749804066,17.866796358879537,43.29559517406667,木块
10.788357932249642,597.5182191127657,3.6366757448484375,22.533912016116297,亚克力盒
8.08407556059205,574.210163887785,31.288138729794337,53.490067657960175,硬塑料盒
2.8801487715578773,487.3909208421999,24.647125166470204,49.005019506544905,金属小物件
6.626734394629664,557.1432850243921,10.569193443911113,34.571427551881925,磨砂玻璃杯
7.185899644160061,561.4652235378954,1.9972484867254097,17.52315411657983,亚克力盒
9.495812321575801,589.4152335712917,3.7234531824380412,23.101827953305214,亚克力盒
10.438660833172628,592.3091552561447,7.456992863802685,30.79605758937536,磨砂玻璃杯
8.91214333509845,585.5510809510536,12.297670154339318,37.61300643761726,磨砂玻璃杯
13.588416600665461,623.896166657585,30.574266349828417,52.86093429644474,玻璃杯
3.528443828660784,505.6023250435502,34.267598518414154,56.11509615862871,金属小物件
3.2520105107767625,500.0518200942944,20.067189739209297,44.486891013232984,木块
5.28796364111632,546.2790406240426,28.940766021982878,53.234513872817615,硬塑料盒
11.158423289573925,597.5816794203258,16.892932522472396,41.67512323295883,磨砂玻璃杯
3.618850152372481,511.53562054274886,1.8913328854291336,17.402245597219462,橡皮擦
4.053360228753305,525.8263369696215,39.2534902925784,57.53381012271592,金属小物件
3.278405895535864,501.5528578108339,30.64568066377089,53.01605208706681,金属小物件
3.322840021257761,503.96035788842937,23.59784379274901,47.55650352273717,金属小物件
3.002413156414442,491.134448789416,17.105150657412604,43.008969655850585,木块
2.536295365057476,476.3,10.721413074300777,35.185514227223116,木块
2.7028218937827058,481.3359532062344,2.020987712874945,17.20877953682364,橡皮擦
2.9946585336203806,493.8905861059956,12.661984364170346,37.0693116613409,木块
16.295607476558256,645.3462674929634,10.451636164010502,34.16165785410399,透明塑料瓶
9.186751380958183,586.829962114569,3.2232137726609906,20.676580653772383,亚克力盒
13.616715886048633,629.1699569521365,7.5527536705037495,30.783502042996492,透明塑料瓶
2.9655382131212247,489.9067543654648,3.4660428260470963,21.880347619553124,橡皮擦
12.1587908711382,607.5900433118127,1.3899644696533777,15.196130120081236,薄塑料袋
3.8281960528416716,516.760158773649,4.175106181736218,23.909597254231446,橡皮擦
16.27675484355928,643.4157439763187,25.244208117534,48.15252314302109,玻璃杯
3.3551162033514452,509.0055963208115,11.927902771121195,36.2304440887385,木块
3.7517567240680436,515.1469584346934,8.65855270062835,32.04978956582328,木块
3.049395840235307,488.1178410783157,28.717089955012003,51.70225014370624,金属小物件
11.894253408977647,603.9735246144759,12.76886486000015,37.26494612171029,透明塑料瓶
3.4113505828815556,505.92332809448817,11.563190875382983,36.653756198541,木块
5.4935333990787685,546.3340474556992,2.841598728054803,19.714117957766877,亚克力盒
3.505225884079046,509.3205923836401,13.124267628902082,39.464077922873926,木块
6.09405315215791,553.5871614400712,34.981750169732834,56.841145872987596,硬塑料盒
3.8603805891938663,522.3825212127904,3.4931176749744677,22.132496228878324,橡皮擦
3.47478081044598,506.9547307624423,12.31868844507576,37.47086547281712,木块
14.369474791552822,631.0590691082717,23.674165119601653,47.017362200021346,玻璃杯
8.462931680668603,582.6456333478067,7.814725279403119,30.473737810085282,磨砂玻璃杯
6.791131505434908,556.8454853769621,9.405166040305106,33.30167407132355,磨砂玻璃杯
2.9591384408669654,488.2511747902346,19.56844648470204,43.724117986173745,木块
18.75920509779886,659.5,26.189076036071995,49.364389052217305,玻璃杯
19.193943798316813,659.5,4.833759914076432,25.380475249185494,薄塑料袋
3.7580723779536154,515.9546888463467,22.210362351971398,46.41722615498908,金属小物件
2.6626045268890772,476.3,4.591903781585295,24.271341046264094,橡皮擦
16.270306869996507,644.210920347223,15.003175722840513,41.0963869627348,透明塑料瓶
3.381227964877809,504.7709388022056,18.014626381258765,42.83458971210961,木块
6.096053319596397,552.632452254902,37.0807861688159,56.98053213246118,硬塑料盒
3.065383104239159,493.3541062384649,3.058399429001494,20.36276913170148,橡皮擦
12.835540983579369,620.8737306834905,2.7001531372329297,19.85055902952972,薄塑料袋
16.21210035492674,642.5794156607292,2.1323831237366075,18.11066381933712,薄塑料袋
12.334971687619506,616.1759833881998,23.667859645366672,47.65680278376459,玻璃杯
18.526136802584375,656.1044116121345,6.250374380497412,28.04178642024164,透明塑料瓶
15.080191914272778,638.1528526320276,3.309844763103056,21.572995374254425,薄塑料袋
3.9661666979431787,525.1798506391043,7.7523836059778475,31.26257092643017,木块
16.39194258128809,642.1235182340394,25.313696283790897,48.143933718541824,玻璃杯
3.4609447268190103,507.07400113290015,1.356939422550106,14.744021506150405,橡皮擦
10.615845835019638,595.040310596867,13.263238289738737,39.42922466909995,磨砂玻璃杯
5.3632819275897035,544.955233497899,1.5236422734606174,16.12609245294453,亚克力盒
10.97500286188272,597.1521961142081,30.617784425086878,53.52112785844363,硬塑料盒
4.300603127884934,535.6641518181202,10.471758739289745,34.42169277707614,磨砂玻璃杯
2.8450215899194924,480.55227776569143,6.835287451381023,29.064837584840774,木块
2.9954021285079815,493.21013479474857,2.8688253617146118,20.29965376418225,橡皮擦
13.598809023631082,624.0302023084454,6.461046278361369,28.865406732753925,透明塑料瓶
16.703328818929208,649.320627333998,1.9492176573132465,17.756791948074284,薄塑料袋
6.004503271704832,551.3975542542879,24.13907084964805,47.983861091204766,硬塑料盒
15.677291756249256,636.3503283478597,18.89099193199629,43.50576558841982,透明塑料瓶
3.7869342949113354,515.9189266264256,28.82622152482855,52.43197561717252,金属小物件
3.0903262816214676,491.0746231280871,1.2202557746126819,14.240366205191073,橡皮擦
13.226786591151939,619.6411638897059,1.3975646459168236,15.169612781328533,薄塑料袋
17.27276947495344,651.7867293414708,1.3709400197491108,14.965558786733837,薄塑料袋
13.003265610496195,622.0678087576804,8.503545834426282,31.90185527218397,透明塑料瓶
16.631271440311693,646.0722429120266,1.844470551081401,17.314789352226093,薄塑料袋
3.936805004835799,519.4187423734663,3.864391752801455,22.590167887530054,橡皮擦
8.6915301409943,577.0078571508861,13.45890236934558,38.370304428882726,磨砂玻璃杯
12.639238213718246,613.690204819492,24.45398167061818,47.58587718171169,玻璃杯
18.944746669595013,654.8173951075905,23.10552566366081,47.36021760354387,玻璃杯
19.141878210537175,657.2566410881471,4.615605517596809,24.843653767766853,薄塑料袋
8.890510476141184,581.063492697208,18.17431234386822,43.81346584884837,磨砂玻璃杯
8.055186734628665,570.5578126336986,2.636096592683519,19.44903616988488,亚克力盒
5.746640533698367,549.4015287048101,4.137558552542799,23.527246008120038,亚克力盒
6.8221538780198685,558.6966564834568,36.52736442453546,56.77695976335659,硬塑料盒
11.513117974569806,599.9419647582712,26.03076370556974,50.0313646492064,硬塑料盒
3.5494055591016,512.7518566308557,32.98128106414301,54.83230966228836,金属小物件
4.911685783767821,541.8180890849746,2.0810237372852707,17.48216196325279,亚克力盒
16.169681277555082,643.5919629651465,23.870657922061458,47.15546779312377,玻璃杯
13.340492113389264,624.5253431241305,26.777159293758036,50.07731207140915,玻璃杯
3.0438387093628583,490.3909757824085,3.6608378719002843,22.39257868736613,橡皮擦
10.896285139324835,597.4138018002072,28.83869510936549,51.55499514571038,硬塑料盒
8.649326402505901,582.9114811238421,30.37038701892103,53.41170362050739,硬塑料盒
15.439995547121047,640.3187957742546,17.626987507138285,42.86390814208816,透明塑料瓶
3.8487040589467623,516.6064870168216,7.853834536248321,31.65030507310537,木块
8.49207356646893,577.738128072061,10.623024098058114,34.66566800972946,磨砂玻璃杯
14.164439773960082,629.2517712187455,1.3659211799049,14.961489541017881,薄塑料袋
3.3697388341849823,509.6880235051691,30.259184460993552,52.61702068735999,金属小物件
2.9930204579063244,490.6775690658659,10.040519309850497,33.34556124728106,木块
14.002882163197565,628.6389784635327,16.738898028582533,41.282115517702046,透明塑料瓶
15.578638042054052,639.5082202678581,37.35392076514919,57.136115544116606,玻璃杯
15.075580685401048,636.8115235004517,1.2057395638251178,14.407681505973688,薄塑料袋
3.7307573099605875,517.3826308967377,1.329801197145905,15.074144011341302,橡皮擦
8.91903488087679,582.3762606806407,33.30450456964368,54.77404801724807,硬塑料盒
10.572445314154868,593.9852993362815,32.8887576790719,54.93138111802629,硬塑料盒
8.21410695899231,576.0891249033954,10.882310749081379,35.67545440104458,磨砂玻璃杯
13.326065151609892,620.7187473572161,17.306150267319666,42.41994672383137,透明塑料瓶
8.476125795916188,579.2422399615444,7.663955962788151,31.170226935050067,磨砂玻璃杯
3.30878224789699,497.3291898953537,7.2043496841491255,29.337367292105082,木块
6.686397170703905,559.944976174414,10.994386665872334,34.40973829935981,磨砂玻璃杯
4.471893011229301,537.4803531470515,3.003688360146163,20.942252505285552,亚克力盒
13.316512981451877,624.3536731897201,2.6892407100526503,19.491737783488553,薄塑料袋
4.697483362862529,539.3082025858232,2.495770702334159,19.434871912101663,亚克力盒
4.04798061840721,529.3427890803977,8.788890528242975,32.485367484900365,木块
10.334542047458719,591.4782838736285,8.130781566652244,30.52565675399309,磨砂玻璃杯
11.159088181952539,599.0744942965358,1.4832761931987712,15.502831854209454,亚克力盒
13.453214048647958,623.418523714864,27.334486592790267,50.23159414598976,玻璃杯
3.704714946159835,519.8591910961134,29.3551660744791,52.020129324893276,金属小物件
2.7148137076490513,480.4771593103646,26.41233781876043,49.53977895751588,金属小物件
2.95425477266176,487.60201279006156,4.261066392817069,23.75808997587811,橡皮擦
3.7999566737179484,518.903966491495,30.196230218470422,52.44153450919128,金属小物件
3.341635811176141,502.97875782574295,2.6011058571454795,19.83218594900727,橡皮擦
5.15770541650815,544.0565474255997,2.681271963772675,19.731779980059958,亚克力盒
3.3399297610497882,502.02730372620516,15.087051323776064,40.115667830984364,木块
3.4550501719418936,508.52979328560247,14.259962649411891,39.13395694029156,木块
13.114006725274857,618.4349532592416,35.21716615766579,55.85322061374833,玻璃杯
10.660315275978546,594.0219429808407,30.663010059300884,53.56691084364383,硬塑料盒
3.9579218331053547,523.4085599564957,22.30823590282151,46.55055868305455,金属小物件
3.5794985596771576,510.91620556369355,2.8538112957154866,20.18597593038755,橡皮擦
19.059145143003548,658.7255251578274,1.5912760473921954,16.010949187999266,薄塑料袋
6.881392147135284,558.685430024257,27.139079268464144,50.31880275875077,硬塑料盒
2.8971602562230157,484.9056081722679,11.057736553508319,35.33424519027521,木块
6.763848505339195,558.1438766679813,5.071690838401387,25.98421634933501,亚克力盒
11.935452205716501,609.5077489645663,1.7222894718430215,16.442560828534752,薄塑料袋
4.2092101230887335,531.2847336354808,3.0818927555928792,20.868291388601406,亚克力盒
5.15647706590975,544.1355904294088,27.315077868063813,49.948843262668326,硬塑料盒
14.473111640180734,633.3072116079287,21.160877362625,45.0477096558642,玻璃杯
8.316069231281789,573.9720548463986,2.2095302747274967,18.556202760743677,亚克力盒
11.986523576698406,609.793945349771,33.04534294591485,55.574080922423214,玻璃杯
5.950076445671909,553.1690448788476,6.502975134514684,27.87825461216952,磨砂玻璃杯
8.60435140665187,580.6599836068226,22.978299586019663,46.394969293058914,硬塑料盒
4.0808839585181955,526.3834026783791,2.735313764528525,20.024320656957208,橡皮擦
6.0392041207835065,553.2184393356275,17.03879458233905,41.37166614784475,磨砂玻璃杯
5.97795990816475,551.4828438469996,2.5453446534871094,19.207884538706736,亚克力盒
3.6205375761488807,513.4001732209639,32.98937006982044,52.9625916529351,金属小物件
12.833755151049614,621.7500949730677,13.783478896053616,38.38676130845505,透明塑料瓶
2.740658122529853,482.32856052331755,35.044082683229554,56.407276057773814,金属小物件
15.26213853420416,639.2148358142334,9.564634166684455,32.765660879446045,透明塑料瓶
5.2535749854484335,544.8262587931447,12.636297269301206,37.38774275951283,磨砂玻璃杯
11.470682566338024,603.3242079420536,13.140312402696116,38.47019721096893,透明塑料瓶
8.996372423660558,586.3373048548528,39.47686091889558,57.91273425856661,硬塑料盒
5.533239242973155,547.8039989700616,13.56877023543726,36.80208311621137,磨砂玻璃杯
18.571170208024768,659.5,38.17778731597051,57.57997502200255,玻璃杯
10.652725999749647,593.6142126148684,24.82091894018158,48.44301661554269,硬塑料盒
18.456341323845752,659.5,13.15337357983249,38.79513412972416,透明塑料瓶
3.047398725842445,492.33976700927,9.631844715051534,33.19039129520661,木块
17.85829874259818,648.6495635267158,3.8876759015018956,22.915002767534162,薄塑料袋
3.3228703429109148,498.2380518472152,37.19525114812464,56.33135899955996,金属小物件
11.592426989264373,605.2775280999637,3.5936019098558436,21.953284379954926,薄塑料袋
14.97956896329322,634.5980847817393,8.077690943003862,31.192236689426874,透明塑料瓶
6.3358778707532855,556.4308923986883,4.664879385838049,24.85079554651761,亚克力盒
9.178768944412083,588.9698453411172,28.497153874224935,51.555672786846415,硬塑料盒
16.32225984065844,645.8398178433509,15.586916973858491,40.947677321393925,透明塑料瓶
